time,control,rewards,presence,x,y,vx,vy
154.45248699188232,1.0,0.8,1.0,177.71975708007812,4.0,20.0,0.0
154.45248699188232,1.0,0.8,1.0,297.4949645996094,4.0,20.0,0.0
154.45248699188232,1.0,0.8,1.0,326.6463317871094,8.0,20.0,0.0
154.45248699188232,1.0,0.8,1.0,353.41900634765625,0.0,20.0,0.0
154.45248699188232,1.0,0.8,1.0,384.1795959472656,8.0,20.0,0.0
154.45248699188232,1.0,0.8,1.0,411.8529357910156,4.0,20.0,0.0
154.45248699188232,1.0,0.8,1.0,442.6135559082031,4.0,20.0,0.0
154.45248699188232,1.0,0.8,1.0,471.3257751464844,4.0,20.0,0.0
154.45248699188232,1.0,0.8,1.0,498.49884033203125,8.0,20.0,0.0
154.45248699188232,1.0,0.8,1.0,525.2811889648438,0.0,20.0,0.0
154.65012669563293,1.0,1.6,1.0,181.71975708007812,4.0,20.0,0.0
154.65012669563293,1.0,1.6,1.0,301.4949645996094,4.0,20.0,0.0
154.65012669563293,1.0,1.6,1.0,330.6463317871094,8.0,20.0,0.0
154.65012669563293,1.0,1.6,1.0,357.41900634765625,0.0,20.0,0.0
154.65012669563293,1.0,1.6,1.0,388.1795959472656,8.0,20.0,0.0
154.65012669563293,1.0,1.6,1.0,415.8529357910156,4.0,20.0,0.0
154.65012669563293,1.0,1.6,1.0,446.6135559082031,4.0,20.0,0.0
154.65012669563293,1.0,1.6,1.0,475.3257751464844,4.0,20.0,0.0
154.65012669563293,1.0,1.6,1.0,502.49884033203125,8.0,20.0,0.0
154.65012669563293,1.0,1.6,1.0,529.2811889648438,0.0,20.0,0.0
154.85646653175354,1.0,2.4000000000000004,1.0,185.71975708007812,4.0,20.0,0.0
154.85646653175354,1.0,2.4000000000000004,1.0,305.4949645996094,4.0,20.0,0.0
154.85646653175354,1.0,2.4000000000000004,1.0,334.6463317871094,8.0,20.0,0.0
154.85646653175354,1.0,2.4000000000000004,1.0,361.41900634765625,0.0,20.0,0.0
154.85646653175354,1.0,2.4000000000000004,1.0,392.1795959472656,8.0,20.0,0.0
154.85646653175354,1.0,2.4000000000000004,1.0,419.8529357910156,4.0,20.0,0.0
154.85646653175354,1.0,2.4000000000000004,1.0,450.6135559082031,4.0,20.0,0.0
154.85646653175354,1.0,2.4000000000000004,1.0,479.3257751464844,4.0,20.0,0.0
154.85646653175354,1.0,2.4000000000000004,1.0,506.49884033203125,8.0,20.0,0.0
154.85646653175354,1.0,2.4000000000000004,1.0,533.2811889648438,0.0,20.0,0.0
155.0546796321869,1.0,3.2,1.0,189.71975708007812,4.0,20.0,0.0
155.0546796321869,1.0,3.2,1.0,309.4949645996094,4.0,20.0,0.0
155.0546796321869,1.0,3.2,1.0,338.6463317871094,8.0,20.0,0.0
155.0546796321869,1.0,3.2,1.0,365.41900634765625,0.0,20.0,0.0
155.0546796321869,1.0,3.2,1.0,396.1795959472656,8.0,20.0,0.0
155.0546796321869,1.0,3.2,1.0,423.8529357910156,4.0,20.0,0.0
155.0546796321869,1.0,3.2,1.0,454.6135559082031,4.0,20.0,0.0
155.0546796321869,1.0,3.2,1.0,483.3257751464844,4.0,20.0,0.0
155.0546796321869,1.0,3.2,1.0,510.49884033203125,8.0,20.0,0.0
155.0546796321869,1.0,3.2,1.0,537.2811889648438,0.0,20.0,0.0
155.2497820854187,1.0,4.0,1.0,193.71975708007812,4.0,20.0,0.0
155.2497820854187,1.0,4.0,1.0,313.4949645996094,4.0,20.0,0.0
155.2497820854187,1.0,4.0,1.0,342.6463317871094,8.0,20.0,0.0
155.2497820854187,1.0,4.0,1.0,369.41900634765625,0.0,20.0,0.0
155.2497820854187,1.0,4.0,1.0,400.1795959472656,8.0,20.0,0.0
155.2497820854187,1.0,4.0,1.0,427.8529357910156,4.0,20.0,0.0
155.2497820854187,1.0,4.0,1.0,458.6135559082031,4.0,20.0,0.0
155.2497820854187,1.0,4.0,1.0,487.3257751464844,4.0,20.0,0.0
155.2497820854187,1.0,4.0,1.0,514.4988403320312,8.0,20.0,0.0
155.2497820854187,1.0,4.0,1.0,541.2811889648438,0.0,20.0,0.0
155.45516395568848,1.0,4.8,1.0,197.71975708007812,4.0,20.0,0.0
155.45516395568848,1.0,4.8,1.0,317.4949645996094,4.0,20.0,0.0
155.45516395568848,1.0,4.8,1.0,346.6463317871094,8.0,20.0,0.0
155.45516395568848,1.0,4.8,1.0,373.41900634765625,0.0,20.0,0.0
155.45516395568848,1.0,4.8,1.0,404.1795959472656,8.0,20.0,0.0
155.45516395568848,1.0,4.8,1.0,431.8529357910156,4.0,20.0,0.0
155.45516395568848,1.0,4.8,1.0,462.6135559082031,4.0,20.0,0.0
155.45516395568848,1.0,4.8,1.0,491.3257751464844,4.0,20.0,0.0
155.45516395568848,1.0,4.8,1.0,518.4988403320312,8.0,20.0,0.0
155.45516395568848,1.0,4.8,1.0,545.2811889648438,0.0,20.0,0.0
155.6543161869049,1.0,5.6,1.0,201.71975708007812,4.0,20.0,0.0
155.6543161869049,1.0,5.6,1.0,321.4949645996094,4.0,20.0,0.0
155.6543161869049,1.0,5.6,1.0,350.6463317871094,8.0,20.0,0.0
155.6543161869049,1.0,5.6,1.0,378.085693359375,0.0,25.0,0.0
155.6543161869049,1.0,5.6,1.0,408.1795959472656,8.0,20.0,0.0
155.6543161869049,1.0,5.6,1.0,435.8529357910156,4.0,20.0,0.0
155.6543161869049,1.0,5.6,1.0,466.6135559082031,4.0,20.0,0.0
155.6543161869049,1.0,5.6,1.0,495.3257751464844,4.0,20.0,0.0
155.6543161869049,1.0,5.6,1.0,522.4988403320312,8.0,20.0,0.0
155.6543161869049,1.0,5.6,1.0,549.9478759765625,0.0,25.0,0.0
155.85439896583557,1.0,6.3999999999999995,1.0,205.71975708007812,4.0,20.0,0.0
155.85439896583557,1.0,6.3999999999999995,1.0,325.4949645996094,4.0,20.0,0.0
155.85439896583557,1.0,6.3999999999999995,1.0,354.6463317871094,8.0,20.0,0.0
155.85439896583557,1.0,6.3999999999999995,1.0,382.41900634765625,0.0,20.0,0.0
155.85439896583557,1.0,6.3999999999999995,1.0,412.1795959472656,8.0,20.0,0.0
155.85439896583557,1.0,6.3999999999999995,1.0,439.8529357910156,4.0,20.0,0.0
155.85439896583557,1.0,6.3999999999999995,1.0,470.6135559082031,4.0,20.0,0.0
155.85439896583557,1.0,6.3999999999999995,1.0,499.3257751464844,4.0,20.0,0.0
155.85439896583557,1.0,6.3999999999999995,1.0,526.4988403320312,8.0,20.0,0.0
155.85439896583557,1.0,6.3999999999999995,1.0,554.2811889648438,0.0,20.0,0.0
156.04514050483704,1.0,7.199999999999999,1.0,209.71975708007812,4.0,20.0,0.0
156.04514050483704,1.0,7.199999999999999,1.0,329.4949645996094,4.0,20.0,0.0
156.04514050483704,1.0,7.199999999999999,1.0,358.6463317871094,8.0,20.0,0.0
156.04514050483704,1.0,7.199999999999999,1.0,386.41900634765625,0.0,20.0,0.0
156.04514050483704,1.0,7.199999999999999,1.0,416.1795959472656,8.0,20.0,0.0
156.04514050483704,1.0,7.199999999999999,1.0,443.8529357910156,4.0,20.0,0.0
156.04514050483704,1.0,7.199999999999999,1.0,474.6135559082031,4.0,20.0,0.0
156.04514050483704,1.0,7.199999999999999,1.0,503.3257751464844,4.0,20.0,0.0
156.04514050483704,1.0,7.199999999999999,1.0,530.4988403320312,8.0,20.0,0.0
156.04514050483704,1.0,7.199999999999999,1.0,558.2811889648438,0.0,20.0,0.0
156.24838614463806,1.0,7.999999999999999,1.0,213.71975708007812,4.0,20.0,0.0
156.24838614463806,1.0,7.999999999999999,1.0,333.4949645996094,4.0,20.0,0.0
156.24838614463806,1.0,7.999999999999999,1.0,362.6463317871094,8.0,20.0,0.0
156.24838614463806,1.0,7.999999999999999,1.0,390.41900634765625,0.0,20.0,0.0
156.24838614463806,1.0,7.999999999999999,1.0,420.1795959472656,8.0,20.0,0.0
156.24838614463806,1.0,7.999999999999999,1.0,447.8529357910156,4.0,20.0,0.0
156.24838614463806,1.0,7.999999999999999,1.0,478.6135559082031,4.0,20.0,0.0
156.24838614463806,1.0,7.999999999999999,1.0,507.3257751464844,4.0,20.0,0.0
156.24838614463806,1.0,7.999999999999999,1.0,534.4988403320312,8.0,20.0,0.0
156.24838614463806,1.0,7.999999999999999,1.0,562.2811889648438,0.0,20.0,0.0
156.44629311561584,1.0,8.799999999999999,1.0,217.71975708007812,4.0,20.0,0.0
156.44629311561584,1.0,8.799999999999999,1.0,338.16162109375,4.0,25.0,0.0
156.44629311561584,1.0,8.799999999999999,1.0,366.6463317871094,8.0,20.0,0.0
156.44629311561584,1.0,8.799999999999999,1.0,394.41900634765625,0.0,20.0,0.0
156.44629311561584,1.0,8.799999999999999,1.0,424.1795959472656,8.0,20.0,0.0
156.44629311561584,1.0,8.799999999999999,1.0,452.5196228027344,4.0,25.0,0.0
156.44629311561584,1.0,8.799999999999999,1.0,483.28021240234375,4.0,25.0,0.0
156.44629311561584,1.0,8.799999999999999,1.0,511.992431640625,4.0,25.0,0.0
156.44629311561584,1.0,8.799999999999999,1.0,538.4988403320312,8.0,20.0,0.0
156.44629311561584,1.0,8.799999999999999,1.0,566.2811889648438,0.0,20.0,0.0
156.64392614364624,1.0,9.6,1.0,221.71975708007812,4.0,20.0,0.0
156.64392614364624,1.0,9.6,1.0,342.4949645996094,4.0,20.0,0.0
156.64392614364624,1.0,9.6,1.0,370.6463317871094,8.0,20.0,0.0
156.64392614364624,1.0,9.6,1.0,398.41900634765625,0.0,20.0,0.0
156.64392614364624,1.0,9.6,1.0,428.1795959472656,8.0,20.0,0.0
156.64392614364624,1.0,9.6,1.0,456.8529357910156,4.0,20.0,0.0
156.64392614364624,1.0,9.6,1.0,487.6135559082031,4.0,20.0,0.0
156.64392614364624,1.0,9.6,1.0,516.3257446289062,4.0,20.0,0.0
156.64392614364624,1.0,9.6,1.0,542.4988403320312,8.0,20.0,0.0
156.64392614364624,1.0,9.6,1.0,570.2811889648438,0.0,20.0,0.0
156.85256218910217,1.0,10.4,1.0,225.71975708007812,4.0,20.0,0.0
156.85256218910217,1.0,10.4,1.0,346.4949645996094,4.0,20.0,0.0
156.85256218910217,1.0,10.4,1.0,374.6463317871094,8.0,20.0,0.0
156.85256218910217,1.0,10.4,1.0,402.41900634765625,0.0,20.0,0.0
156.85256218910217,1.0,10.4,1.0,432.1795959472656,8.0,20.0,0.0
156.85256218910217,1.0,10.4,1.0,460.8529357910156,4.0,20.0,0.0
156.85256218910217,1.0,10.4,1.0,491.6135559082031,4.0,20.0,0.0
156.85256218910217,1.0,10.4,1.0,520.3257446289062,4.0,20.0,0.0
156.85256218910217,1.0,10.4,1.0,546.4988403320312,8.0,20.0,0.0
156.85256218910217,1.0,10.4,1.0,574.2811889648438,0.0,20.0,0.0
157.04748106002808,3.0,11.200000000000001,1.0,229.71975708007812,4.0,20.0,0.0
157.04748106002808,3.0,11.200000000000001,1.0,350.4949645996094,4.0,20.0,0.0
157.04748106002808,3.0,11.200000000000001,1.0,378.6463317871094,8.0,20.0,0.0
157.04748106002808,3.0,11.200000000000001,1.0,406.41900634765625,0.0,20.0,0.0
157.04748106002808,3.0,11.200000000000001,1.0,436.1795959472656,8.0,20.0,0.0
157.04748106002808,3.0,11.200000000000001,1.0,464.8529357910156,4.0,20.0,0.0
157.04748106002808,3.0,11.200000000000001,1.0,495.6135559082031,4.0,20.0,0.0
157.04748106002808,3.0,11.200000000000001,1.0,524.3257446289062,4.0,20.0,0.0
157.04748106002808,3.0,11.200000000000001,1.0,550.4988403320312,8.0,20.0,0.0
157.04748106002808,3.0,11.200000000000001,1.0,578.2811889648438,0.0,20.0,0.0
157.25233912467957,3.0,13.0,1.0,234.3864288330078,4.0,30.0,0.0
157.25233912467957,3.0,13.0,1.0,354.4949645996094,4.0,20.0,0.0
157.25233912467957,3.0,13.0,1.0,382.6463317871094,8.0,20.0,0.0
157.25233912467957,3.0,13.0,1.0,410.41900634765625,0.0,20.0,0.0
157.25233912467957,3.0,13.0,1.0,440.1795959472656,8.0,20.0,0.0
157.25233912467957,3.0,13.0,1.0,468.8529357910156,4.0,20.0,0.0
157.25233912467957,3.0,13.0,1.0,499.6135559082031,4.0,20.0,0.0
157.25233912467957,3.0,13.0,1.0,528.3257446289062,4.0,20.0,0.0
157.25233912467957,3.0,13.0,1.0,554.4988403320312,8.0,20.0,0.0
157.25233912467957,3.0,13.0,1.0,582.2811889648438,0.0,20.0,0.0
157.44710063934326,3.0,16.2,1.0,241.05308532714844,4.0,40.0,0.0
157.44710063934326,3.0,16.2,1.0,358.4949645996094,4.0,20.0,0.0
157.44710063934326,3.0,16.2,1.0,387.31298828125,8.0,25.0,0.0
157.44710063934326,3.0,16.2,1.0,414.41900634765625,0.0,20.0,0.0
157.44710063934326,3.0,16.2,1.0,444.84625244140625,8.0,25.0,0.0
157.44710063934326,3.0,16.2,1.0,472.8529357910156,4.0,20.0,0.0
157.44710063934326,3.0,16.2,1.0,503.6135559082031,4.0,20.0,0.0
157.44710063934326,3.0,16.2,1.0,532.3257446289062,4.0,20.0,0.0
157.44710063934326,3.0,16.2,1.0,559.16552734375,8.0,25.0,0.0
157.44710063934326,3.0,16.2,1.0,586.2811889648438,0.0,20.0,0.0
157.64947390556335,3.0,21.200000000000003,1.0,249.71975708007812,4.0,50.0,0.0
157.64947390556335,3.0,21.200000000000003,1.0,362.4949645996094,4.0,20.0,0.0
157.64947390556335,3.0,21.200000000000003,1.0,392.9796447753906,8.0,30.0,0.0
157.64947390556335,3.0,21.200000000000003,1.0,418.41900634765625,0.0,20.0,0.0
157.64947390556335,3.0,21.200000000000003,1.0,450.512939453125,8.0,30.0,0.0
157.64947390556335,3.0,21.200000000000003,1.0,476.8529357910156,4.0,20.0,0.0
157.64947390556335,3.0,21.200000000000003,1.0,507.6135559082031,4.0,20.0,0.0
157.64947390556335,3.0,21.200000000000003,1.0,536.3257446289062,4.0,20.0,0.0
157.64947390556335,3.0,21.200000000000003,1.0,564.8322143554688,8.0,30.0,0.0
157.64947390556335,3.0,21.200000000000003,1.0,590.2811889648438,0.0,20.0,0.0
157.84910583496094,1.0,26.200000000000003,1.0,259.7197570800781,4.0,50.0,0.0
157.84910583496094,1.0,26.200000000000003,1.0,366.4949645996094,4.0,20.0,0.0
157.84910583496094,1.0,26.200000000000003,1.0,398.9796447753906,8.0,30.0,0.0
157.84910583496094,1.0,26.200000000000003,1.0,422.41900634765625,0.0,20.0,0.0
157.84910583496094,1.0,26.200000000000003,1.0,456.512939453125,8.0,30.0,0.0
157.84910583496094,1.0,26.200000000000003,1.0,480.8529357910156,4.0,20.0,0.0
157.84910583496094,1.0,26.200000000000003,1.0,511.6135559082031,4.0,20.0,0.0
157.84910583496094,1.0,26.200000000000003,1.0,540.3257446289062,4.0,20.0,0.0
157.84910583496094,1.0,26.200000000000003,1.0,570.8322143554688,8.0,30.0,0.0
157.84910583496094,1.0,26.200000000000003,1.0,594.2811889648438,0.0,20.0,0.0
158.0394594669342,1.0,31.200000000000003,1.0,269.7197570800781,4.0,50.0,0.0
158.0394594669342,1.0,31.200000000000003,1.0,370.4949645996094,4.0,20.0,0.0
158.0394594669342,1.0,31.200000000000003,1.0,404.9796447753906,8.0,30.0,0.0
158.0394594669342,1.0,31.200000000000003,1.0,426.41900634765625,0.0,20.0,0.0
158.0394594669342,1.0,31.200000000000003,1.0,462.512939453125,8.0,30.0,0.0
158.0394594669342,1.0,31.200000000000003,1.0,484.8529357910156,4.0,20.0,0.0
158.0394594669342,1.0,31.200000000000003,1.0,515.613525390625,4.0,20.0,0.0
158.0394594669342,1.0,31.200000000000003,1.0,544.3257446289062,4.0,20.0,0.0
158.0394594669342,1.0,31.200000000000003,1.0,576.8322143554688,8.0,30.0,0.0
158.0394594669342,1.0,31.200000000000003,1.0,598.2811889648438,0.0,20.0,0.0
158.23878479003906,3.0,38.400000000000006,1.0,280.38641357421875,4.0,60.0,0.0
158.23878479003906,3.0,38.400000000000006,1.0,374.4949645996094,4.0,20.0,0.0
158.23878479003906,3.0,38.400000000000006,1.0,411.6463317871094,8.0,35.0,0.0
158.23878479003906,3.0,38.400000000000006,1.0,430.41900634765625,0.0,20.0,0.0
158.23878479003906,3.0,38.400000000000006,1.0,469.1795959472656,8.0,35.0,0.0
158.23878479003906,3.0,38.400000000000006,1.0,488.8529357910156,4.0,20.0,0.0
158.23878479003906,3.0,38.400000000000006,1.0,519.613525390625,4.0,20.0,0.0
158.23878479003906,3.0,38.400000000000006,1.0,548.3257446289062,4.0,20.0,0.0
158.23878479003906,3.0,38.400000000000006,1.0,583.4988403320312,8.0,35.0,0.0
158.23878479003906,3.0,38.400000000000006,1.0,602.2811889648438,0.0,20.0,0.0
158.44734597206116,1.0,45.60000000000001,1.0,292.38641357421875,4.0,60.0,0.0
158.44734597206116,1.0,45.60000000000001,1.0,379.16162109375,4.0,25.0,0.0
158.44734597206116,1.0,45.60000000000001,1.0,418.6463317871094,8.0,35.0,0.0
158.44734597206116,1.0,45.60000000000001,1.0,434.41900634765625,0.0,20.0,0.0
158.44734597206116,1.0,45.60000000000001,1.0,476.1795959472656,8.0,35.0,0.0
158.44734597206116,1.0,45.60000000000001,1.0,493.5196228027344,4.0,25.0,0.0
158.44734597206116,1.0,45.60000000000001,1.0,524.2802124023438,4.0,25.0,0.0
158.44734597206116,1.0,45.60000000000001,1.0,552.992431640625,4.0,25.0,0.0
158.44734597206116,1.0,45.60000000000001,1.0,590.4988403320312,8.0,35.0,0.0
158.44734597206116,1.0,45.60000000000001,1.0,606.2811889648438,0.0,20.0,0.0
158.63825726509094,1.0,52.80000000000001,1.0,304.38641357421875,4.0,60.0,0.0
158.63825726509094,1.0,52.80000000000001,1.0,384.16162109375,4.0,25.0,0.0
158.63825726509094,1.0,52.80000000000001,1.0,425.6463317871094,8.0,35.0,0.0
158.63825726509094,1.0,52.80000000000001,1.0,438.41900634765625,0.0,20.0,0.0
158.63825726509094,1.0,52.80000000000001,1.0,483.1795959472656,8.0,35.0,0.0
158.63825726509094,1.0,52.80000000000001,1.0,498.5196228027344,4.0,25.0,0.0
158.63825726509094,1.0,52.80000000000001,1.0,529.2802124023438,4.0,25.0,0.0
158.63825726509094,1.0,52.80000000000001,1.0,557.992431640625,4.0,25.0,0.0
158.63825726509094,1.0,52.80000000000001,1.0,597.4988403320312,8.0,35.0,0.0
158.63825726509094,1.0,52.80000000000001,1.0,610.2811889648438,0.0,20.0,0.0
158.83587312698364,1.0,60.000000000000014,1.0,316.38641357421875,4.0,60.0,0.0
158.83587312698364,1.0,60.000000000000014,1.0,389.16162109375,4.0,25.0,0.0
158.83587312698364,1.0,60.000000000000014,1.0,433.31298828125,8.0,40.0,0.0
158.83587312698364,1.0,60.000000000000014,1.0,442.41900634765625,0.0,20.0,0.0
158.83587312698364,1.0,60.000000000000014,1.0,490.84625244140625,8.0,40.0,0.0
158.83587312698364,1.0,60.000000000000014,1.0,503.5196228027344,4.0,25.0,0.0
158.83587312698364,1.0,60.000000000000014,1.0,534.2802124023438,4.0,25.0,0.0
158.83587312698364,1.0,60.000000000000014,1.0,562.992431640625,4.0,25.0,0.0
158.83587312698364,1.0,60.000000000000014,1.0,605.16552734375,8.0,40.0,0.0
158.83587312698364,1.0,60.000000000000014,1.0,614.2811889648438,0.0,20.0,0.0
159.04261183738708,1.0,67.20000000000002,1.0,328.38641357421875,4.0,60.0,0.0
159.04261183738708,1.0,67.20000000000002,1.0,394.16162109375,4.0,25.0,0.0
159.04261183738708,1.0,67.20000000000002,1.0,441.31298828125,8.0,40.0,0.0
159.04261183738708,1.0,67.20000000000002,1.0,446.41900634765625,0.0,20.0,0.0
159.04261183738708,1.0,67.20000000000002,1.0,498.84625244140625,8.0,40.0,0.0
159.04261183738708,1.0,67.20000000000002,1.0,508.5196228027344,4.0,25.0,0.0
159.04261183738708,1.0,67.20000000000002,1.0,539.2802124023438,4.0,25.0,0.0
159.04261183738708,1.0,67.20000000000002,1.0,567.992431640625,4.0,25.0,0.0
159.04261183738708,1.0,67.20000000000002,1.0,613.16552734375,8.0,40.0,0.0
159.04261183738708,1.0,67.20000000000002,1.0,618.2811889648438,0.0,20.0,0.0
159.23354125022888,1.0,74.40000000000002,1.0,340.38641357421875,4.0,60.0,0.0
159.23354125022888,1.0,74.40000000000002,1.0,399.16162109375,4.0,25.0,0.0
159.23354125022888,1.0,74.40000000000002,1.0,449.31298828125,8.0,40.0,0.0
159.23354125022888,1.0,74.40000000000002,1.0,450.41900634765625,0.0,20.0,0.0
159.23354125022888,1.0,74.40000000000002,1.0,506.84625244140625,8.0,40.0,0.0
159.23354125022888,1.0,74.40000000000002,1.0,513.5195922851562,4.0,25.0,0.0
159.23354125022888,1.0,74.40000000000002,1.0,544.2802124023438,4.0,25.0,0.0
159.23354125022888,1.0,74.40000000000002,1.0,572.992431640625,4.0,25.0,0.0
159.23354125022888,1.0,74.40000000000002,1.0,621.16552734375,8.0,40.0,0.0
159.23354125022888,1.0,74.40000000000002,1.0,622.2811889648438,0.0,20.0,0.0
159.44219851493835,2.0,81.60000000000002,1.0,352.38641357421875,4.0,60.0,0.0
159.44219851493835,2.0,81.60000000000002,1.0,404.16162109375,4.0,25.0,0.0
159.44219851493835,2.0,81.60000000000002,1.0,454.41900634765625,0.0,20.0,0.0
159.44219851493835,2.0,81.60000000000002,1.0,456.6463317871094,8.0,35.0,0.0
159.44219851493835,2.0,81.60000000000002,1.0,514.1795654296875,8.0,35.0,0.0
159.44219851493835,2.0,81.60000000000002,1.0,518.5195922851562,4.0,25.0,0.0
159.44219851493835,2.0,81.60000000000002,1.0,549.2802124023438,4.0,25.0,0.0
159.44219851493835,2.0,81.60000000000002,1.0,577.992431640625,4.0,25.0,0.0
159.44219851493835,2.0,81.60000000000002,1.0,626.2811889648438,0.0,20.0,0.0
159.44219851493835,2.0,81.60000000000002,1.0,628.4988403320312,8.0,35.0,0.0
159.6428496837616,1.0,88.80000000000003,1.0,364.2496643066406,5.692880153656006,58.71055603027344,12.372169494628906
159.6428496837616,1.0,88.80000000000003,1.0,409.8282775878906,4.0,30.0,0.0
159.6428496837616,1.0,88.80000000000003,1.0,458.41900634765625,0.0,20.0,0.0
159.6428496837616,1.0,88.80000000000003,1.0,463.6463317871094,8.0,35.0,0.0
159.6428496837616,1.0,88.80000000000003,1.0,521.1795654296875,8.0,35.0,0.0
159.6428496837616,1.0,88.80000000000003,1.0,524.186279296875,4.0,30.0,0.0
159.6428496837616,1.0,88.80000000000003,1.0,554.9468994140625,4.0,30.0,0.0
159.6428496837616,1.0,88.80000000000003,1.0,583.6591186523438,4.0,30.0,0.0
159.6428496837616,1.0,88.80000000000003,1.0,630.2811889648438,0.0,20.0,0.0
159.6428496837616,1.0,88.80000000000003,1.0,635.4988403320312,8.0,35.0,0.0
159.8376145362854,1.0,96.00000000000003,1.0,376.04986572265625,7.858334064483643,59.423057556152344,8.300616264343262
159.8376145362854,1.0,96.00000000000003,1.0,415.8282775878906,4.0,30.0,0.0
159.8376145362854,1.0,96.00000000000003,1.0,462.41900634765625,0.0,20.0,0.0
159.8376145362854,1.0,96.00000000000003,1.0,470.6463317871094,8.0,35.0,0.0
159.8376145362854,1.0,96.00000000000003,1.0,528.1795654296875,8.0,35.0,0.0
159.8376145362854,1.0,96.00000000000003,1.0,530.186279296875,4.0,30.0,0.0
159.8376145362854,1.0,96.00000000000003,1.0,560.9468994140625,4.0,30.0,0.0
159.8376145362854,1.0,96.00000000000003,1.0,589.6591186523438,4.0,30.0,0.0
159.8376145362854,1.0,96.00000000000003,1.0,634.2811889648438,0.0,20.0,0.0
159.8376145362854,1.0,96.00000000000003,1.0,642.4988403320312,8.0,35.0,0.0
160.03184509277344,1.0,103.20000000000003,1.0,388.0123291015625,8.725625038146973,59.98712158203125,1.243032693862915
160.03184509277344,1.0,103.20000000000003,1.0,421.16162109375,4.0,25.0,0.0
160.03184509277344,1.0,103.20000000000003,1.0,466.41900634765625,0.0,20.0,0.0
160.03184509277344,1.0,103.20000000000003,1.0,477.6463317871094,8.0,35.0,0.0
160.03184509277344,1.0,103.20000000000003,1.0,535.1795654296875,8.0,35.0,0.0
160.03184509277344,1.0,103.20000000000003,1.0,535.5195922851562,4.0,25.0,0.0
160.03184509277344,1.0,103.20000000000003,1.0,566.2802124023438,4.0,25.0,0.0
160.03184509277344,1.0,103.20000000000003,1.0,594.992431640625,4.0,25.0,0.0
160.03184509277344,1.0,103.20000000000003,1.0,638.2811889648438,0.0,20.0,0.0
160.03184509277344,1.0,103.20000000000003,1.0,649.4988403320312,8.0,35.0,0.0
160.24007034301758,1.0,110.40000000000003,1.0,400.00970458984375,8.5440034866333,59.96292495727539,-2.108971357345581
160.24007034301758,1.0,110.40000000000003,1.0,426.16162109375,4.0,25.0,0.0
160.24007034301758,1.0,110.40000000000003,1.0,470.41900634765625,0.0,20.0,0.0
160.24007034301758,1.0,110.40000000000003,1.0,483.9796447753906,8.0,30.0,0.0
160.24007034301758,1.0,110.40000000000003,1.0,540.5195922851562,4.0,25.0,0.0
160.24007034301758,1.0,110.40000000000003,1.0,541.512939453125,8.0,30.0,0.0
160.24007034301758,1.0,110.40000000000003,1.0,571.2802124023438,4.0,25.0,0.0
160.24007034301758,1.0,110.40000000000003,1.0,599.992431640625,4.0,25.0,0.0
160.24007034301758,1.0,110.40000000000003,1.0,642.2811889648438,0.0,20.0,0.0
160.24007034301758,1.0,110.40000000000003,1.0,655.8322143554688,8.0,30.0,0.0
160.43648529052734,1.0,117.60000000000004,1.0,412.00189208984375,8.112277030944824,59.970672607421875,-1.875761866569519
160.43648529052734,1.0,117.60000000000004,1.0,431.16162109375,4.0,25.0,0.0
160.43648529052734,1.0,117.60000000000004,1.0,474.41900634765625,0.0,20.0,0.0
160.43648529052734,1.0,117.60000000000004,1.0,489.9796447753906,8.0,30.0,0.0
160.43648529052734,1.0,117.60000000000004,1.0,545.5195922851562,4.0,25.0,0.0
160.43648529052734,1.0,117.60000000000004,1.0,547.512939453125,8.0,30.0,0.0
160.43648529052734,1.0,117.60000000000004,1.0,576.2802124023438,4.0,25.0,0.0
160.43648529052734,1.0,117.60000000000004,1.0,604.992431640625,4.0,25.0,0.0
160.43648529052734,1.0,117.60000000000004,1.0,646.2811889648438,0.0,20.0,0.0
160.43648529052734,1.0,117.60000000000004,1.0,661.8322143554688,8.0,30.0,0.0
160.6339795589447,1.0,124.80000000000004,1.0,423.9994812011719,7.883063793182373,59.997684478759766,-0.527118444442749
160.6339795589447,1.0,124.80000000000004,1.0,436.16162109375,4.0,25.0,0.0
160.6339795589447,1.0,124.80000000000004,1.0,478.41900634765625,0.0,20.0,0.0
160.6339795589447,1.0,124.80000000000004,1.0,495.9796447753906,8.0,30.0,0.0
160.6339795589447,1.0,124.80000000000004,1.0,550.5195922851562,4.0,25.0,0.0
160.6339795589447,1.0,124.80000000000004,1.0,553.512939453125,8.0,30.0,0.0
160.6339795589447,1.0,124.80000000000004,1.0,581.2802124023438,4.0,25.0,0.0
160.6339795589447,1.0,124.80000000000004,1.0,609.992431640625,4.0,25.0,0.0
160.6339795589447,1.0,124.80000000000004,1.0,650.2811889648438,0.0,20.0,0.0
160.6339795589447,1.0,124.80000000000004,1.0,667.8322143554688,8.0,30.0,0.0
160.83494448661804,1.0,132.00000000000006,1.0,435.9993896484375,7.880508899688721,59.999210357666016,0.3079454004764557
160.83494448661804,1.0,132.00000000000006,1.0,441.16162109375,4.0,25.0,0.0
160.83494448661804,1.0,132.00000000000006,1.0,482.41900634765625,0.0,20.0,0.0
160.83494448661804,1.0,132.00000000000006,1.0,501.9796447753906,8.0,30.0,0.0
160.83494448661804,1.0,132.00000000000006,1.0,555.5195922851562,4.0,25.0,0.0
160.83494448661804,1.0,132.00000000000006,1.0,559.512939453125,8.0,30.0,0.0
160.83494448661804,1.0,132.00000000000006,1.0,586.2802124023438,4.0,25.0,0.0
160.83494448661804,1.0,132.00000000000006,1.0,614.992431640625,4.0,25.0,0.0
160.83494448661804,1.0,132.00000000000006,1.0,654.2811889648438,0.0,20.0,0.0
160.83494448661804,1.0,132.00000000000006,1.0,673.8322143554688,8.0,30.0,0.0
161.0379331111908,3.0,141.80000000000007,1.0,448.6658020019531,7.963515281677246,69.99860382080078,0.44154679775238037
161.0379331111908,3.0,141.80000000000007,1.0,446.16162109375,4.0,25.0,0.0
161.0379331111908,3.0,141.80000000000007,1.0,486.41900634765625,0.0,20.0,0.0
161.0379331111908,3.0,141.80000000000007,1.0,507.9796447753906,8.0,30.0,0.0
161.0379331111908,3.0,141.80000000000007,1.0,560.5195922851562,4.0,25.0,0.0
161.0379331111908,3.0,141.80000000000007,1.0,565.512939453125,8.0,30.0,0.0
161.0379331111908,3.0,141.80000000000007,1.0,591.2802124023438,4.0,25.0,0.0
161.0379331111908,3.0,141.80000000000007,1.0,619.992431640625,4.0,25.0,0.0
161.0379331111908,3.0,141.80000000000007,1.0,658.2811889648438,0.0,20.0,0.0
161.0379331111908,3.0,141.80000000000007,1.0,679.8322143554688,8.0,30.0,0.0
161.2361261844635,1.0,151.60000000000008,1.0,462.6656494140625,8.023221015930176,69.99983215332031,0.1525803953409195
161.2361261844635,1.0,151.60000000000008,1.0,490.41900634765625,0.0,20.0,0.0
161.2361261844635,1.0,151.60000000000008,1.0,513.31298828125,8.0,25.0,0.0
161.2361261844635,1.0,151.60000000000008,1.0,565.5195922851562,4.0,25.0,0.0
161.2361261844635,1.0,151.60000000000008,1.0,570.8462524414062,8.0,25.0,0.0
161.2361261844635,1.0,151.60000000000008,1.0,596.2802124023438,4.0,25.0,0.0
161.2361261844635,1.0,151.60000000000008,1.0,624.992431640625,4.0,25.0,0.0
161.2361261844635,1.0,151.60000000000008,1.0,662.2811889648438,0.0,20.0,0.0
161.2361261844635,1.0,151.60000000000008,1.0,685.16552734375,8.0,25.0,0.0
161.2361261844635,1.0,151.60000000000008,1.0,689.137939453125,0.0,20.0,0.0
161.43381595611572,0.0,161.4000000000001,1.0,476.55523681640625,6.408268928527832,68.86473083496094,-12.555849075317383
161.43381595611572,0.0,161.4000000000001,1.0,494.41900634765625,0.0,20.0,0.0
161.43381595611572,0.0,161.4000000000001,1.0,518.9796752929688,8.0,30.0,0.0
161.43381595611572,0.0,161.4000000000001,1.0,570.5195922851562,4.0,25.0,0.0
161.43381595611572,0.0,161.4000000000001,1.0,576.512939453125,8.0,30.0,0.0
161.43381595611572,0.0,161.4000000000001,1.0,601.2802124023438,4.0,25.0,0.0
161.43381595611572,0.0,161.4000000000001,1.0,629.992431640625,4.0,25.0,0.0
161.43381595611572,0.0,161.4000000000001,1.0,666.2811889648438,0.0,20.0,0.0
161.43381595611572,0.0,161.4000000000001,1.0,690.8322143554688,8.0,30.0,0.0
161.43381595611572,0.0,161.4000000000001,1.0,693.137939453125,0.0,20.0,0.0
161.62979245185852,1.0,171.2000000000001,1.0,490.37158203125,4.160432815551758,69.46858978271484,-8.608987808227539
161.62979245185852,1.0,171.2000000000001,1.0,498.41900634765625,0.0,20.0,0.0
161.62979245185852,1.0,171.2000000000001,1.0,524.31298828125,8.0,25.0,0.0
161.62979245185852,1.0,171.2000000000001,1.0,575.5195922851562,4.0,25.0,0.0
161.62979245185852,1.0,171.2000000000001,1.0,581.8462524414062,8.0,25.0,0.0
161.62979245185852,1.0,171.2000000000001,1.0,606.2802124023438,4.0,25.0,0.0
161.62979245185852,1.0,171.2000000000001,1.0,634.992431640625,4.0,25.0,0.0
161.62979245185852,1.0,171.2000000000001,1.0,670.2811889648438,0.0,20.0,0.0
161.62979245185852,1.0,171.2000000000001,1.0,696.16552734375,8.0,25.0,0.0
161.62979245185852,1.0,171.2000000000001,1.0,697.137939453125,0.0,20.0,0.0
161.82752633094788,1.0,181.0000000000001,1.0,504.3338928222656,3.2161355018615723,69.98857116699219,-1.2647349834442139
161.82752633094788,1.0,181.0000000000001,1.0,502.41900634765625,0.0,20.0,0.0
161.82752633094788,1.0,181.0000000000001,1.0,529.9796752929688,8.0,30.0,0.0
161.82752633094788,1.0,181.0000000000001,1.0,580.5195922851562,4.0,25.0,0.0
161.82752633094788,1.0,181.0000000000001,1.0,587.512939453125,8.0,30.0,0.0
161.82752633094788,1.0,181.0000000000001,1.0,611.2802124023438,4.0,25.0,0.0
161.82752633094788,1.0,181.0000000000001,1.0,639.992431640625,4.0,25.0,0.0
161.82752633094788,1.0,181.0000000000001,1.0,674.2811889648438,0.0,20.0,0.0
161.82752633094788,1.0,181.0000000000001,1.0,701.137939453125,0.0,20.0,0.0
161.82752633094788,1.0,181.0000000000001,1.0,701.8322143554688,8.0,30.0,0.0
162.02621221542358,1.0,190.80000000000013,1.0,518.331298828125,3.401270627975464,69.96138763427734,2.3247804641723633
162.02621221542358,1.0,190.80000000000013,1.0,535.31298828125,8.0,25.0,0.0
162.02621221542358,1.0,190.80000000000013,1.0,586.186279296875,4.0,30.0,0.0
162.02621221542358,1.0,190.80000000000013,1.0,592.8462524414062,8.0,25.0,0.0
162.02621221542358,1.0,190.80000000000013,1.0,616.9468994140625,4.0,30.0,0.0
162.02621221542358,1.0,190.80000000000013,1.0,645.6591186523438,4.0,30.0,0.0
162.02621221542358,1.0,190.80000000000013,1.0,678.2811889648438,0.0,20.0,0.0
162.02621221542358,1.0,190.80000000000013,1.0,705.137939453125,0.0,20.0,0.0
162.02621221542358,1.0,190.80000000000013,1.0,707.16552734375,8.0,25.0,0.0
162.02621221542358,1.0,190.80000000000013,1.0,758.2623291015625,4.0,30.0,0.0
162.2257707118988,1.0,200.60000000000014,1.0,532.3231811523438,3.8785600662231445,69.96947479248047,2.067124605178833
162.2257707118988,1.0,200.60000000000014,1.0,540.31298828125,8.0,25.0,0.0
162.2257707118988,1.0,200.60000000000014,1.0,592.186279296875,4.0,30.0,0.0
162.2257707118988,1.0,200.60000000000014,1.0,597.8462524414062,8.0,25.0,0.0
162.2257707118988,1.0,200.60000000000014,1.0,622.9468994140625,4.0,30.0,0.0
162.2257707118988,1.0,200.60000000000014,1.0,651.6591186523438,4.0,30.0,0.0
162.2257707118988,1.0,200.60000000000014,1.0,682.2811889648438,0.0,20.0,0.0
162.2257707118988,1.0,200.60000000000014,1.0,709.137939453125,0.0,20.0,0.0
162.2257707118988,1.0,200.60000000000014,1.0,712.16552734375,8.0,25.0,0.0
162.2257707118988,1.0,200.60000000000014,1.0,764.2623291015625,4.0,30.0,0.0
162.42800855636597,1.0,210.40000000000015,1.0,546.3204956054688,4.138308048248291,69.99774932861328,0.5609399676322937
162.42800855636597,1.0,210.40000000000015,1.0,545.31298828125,8.0,25.0,0.0
162.42800855636597,1.0,210.40000000000015,1.0,598.186279296875,4.0,30.0,0.0
162.42800855636597,1.0,210.40000000000015,1.0,602.8462524414062,8.0,25.0,0.0
162.42800855636597,1.0,210.40000000000015,1.0,628.9468994140625,4.0,30.0,0.0
162.42800855636597,1.0,210.40000000000015,1.0,657.6591186523438,4.0,30.0,0.0
162.42800855636597,1.0,210.40000000000015,1.0,686.2811889648438,0.0,20.0,0.0
162.42800855636597,1.0,210.40000000000015,1.0,713.137939453125,0.0,20.0,0.0
162.42800855636597,1.0,210.40000000000015,1.0,717.16552734375,8.0,25.0,0.0
162.42800855636597,1.0,210.40000000000015,1.0,770.2623291015625,4.0,30.0,0.0
162.61658787727356,0.0,220.20000000000016,1.0,560.207275390625,2.5165812969207764,68.80352020263672,-12.887046813964844
162.61658787727356,0.0,220.20000000000016,1.0,550.31298828125,8.0,25.0,0.0
162.61658787727356,0.0,220.20000000000016,1.0,604.186279296875,4.0,30.0,0.0
162.61658787727356,0.0,220.20000000000016,1.0,607.8462524414062,8.0,25.0,0.0
162.61658787727356,0.0,220.20000000000016,1.0,634.9468994140625,4.0,30.0,0.0
162.61658787727356,0.0,220.20000000000016,1.0,663.6591186523438,4.0,30.0,0.0
162.61658787727356,0.0,220.20000000000016,1.0,690.2811889648438,0.0,20.0,0.0
162.61658787727356,0.0,220.20000000000016,1.0,717.137939453125,0.0,20.0,0.0
162.61658787727356,0.0,220.20000000000016,1.0,722.16552734375,8.0,25.0,0.0
162.61658787727356,0.0,220.20000000000016,1.0,776.2623291015625,4.0,30.0,0.0
162.82455968856812,1.0,230.00000000000017,1.0,574.0108032226562,0.1914883702993393,69.42215728759766,-8.975736618041992
162.82455968856812,1.0,230.00000000000017,1.0,610.186279296875,4.0,30.0,0.0
162.82455968856812,1.0,230.00000000000017,1.0,613.512939453125,8.0,30.0,0.0
162.82455968856812,1.0,230.00000000000017,1.0,640.9468994140625,4.0,30.0,0.0
162.82455968856812,1.0,230.00000000000017,1.0,669.6591186523438,4.0,30.0,0.0
162.82455968856812,1.0,230.00000000000017,1.0,694.2811889648438,0.0,20.0,0.0
162.82455968856812,1.0,230.00000000000017,1.0,721.137939453125,0.0,20.0,0.0
162.82455968856812,1.0,230.00000000000017,1.0,727.8322143554688,8.0,30.0,0.0
162.82455968856812,1.0,230.00000000000017,1.0,782.2623291015625,4.0,30.0,0.0
162.82455968856812,1.0,230.00000000000017,1.0,785.0761108398438,0.0,20.0,0.0
163.0224585533142,1.0,239.80000000000018,1.0,587.96923828125,-0.8028258681297302,69.98611450195312,-1.3941905498504639
163.0224585533142,1.0,239.80000000000018,1.0,616.186279296875,4.0,30.0,0.0
163.0224585533142,1.0,239.80000000000018,1.0,619.512939453125,8.0,30.0,0.0
163.0224585533142,1.0,239.80000000000018,1.0,646.9468994140625,4.0,30.0,0.0
163.0224585533142,1.0,239.80000000000018,1.0,675.6591186523438,4.0,30.0,0.0
163.0224585533142,1.0,239.80000000000018,1.0,698.9478759765625,0.0,25.0,0.0
163.0224585533142,1.0,239.80000000000018,1.0,725.8046264648438,0.0,25.0,0.0
163.0224585533142,1.0,239.80000000000018,1.0,733.8322143554688,8.0,30.0,0.0
163.0224585533142,1.0,239.80000000000018,1.0,788.2623291015625,4.0,30.0,0.0
163.0224585533142,1.0,239.80000000000018,1.0,789.7427368164062,0.0,25.0,0.0
163.21317744255066,1.0,249.6000000000002,1.0,601.9666137695312,-0.623291015625,69.95978546142578,2.372340440750122
163.21317744255066,1.0,249.6000000000002,1.0,622.186279296875,4.0,30.0,0.0
163.21317744255066,1.0,249.6000000000002,1.0,625.512939453125,8.0,30.0,0.0
163.21317744255066,1.0,249.6000000000002,1.0,652.9468994140625,4.0,30.0,0.0
163.21317744255066,1.0,249.6000000000002,1.0,681.6591186523438,4.0,30.0,0.0
163.21317744255066,1.0,249.6000000000002,1.0,703.2811889648438,0.0,20.0,0.0
163.21317744255066,1.0,249.6000000000002,1.0,730.137939453125,0.0,20.0,0.0
163.21317744255066,1.0,249.6000000000002,1.0,739.8322143554688,8.0,30.0,0.0
163.21317744255066,1.0,249.6000000000002,1.0,794.0761108398438,0.0,20.0,0.0
163.21317744255066,1.0,249.6000000000002,1.0,794.2623291015625,4.0,30.0,0.0
163.41716694831848,1.0,259.4000000000002,1.0,615.9579467773438,-0.13130293786525726,69.96704864501953,2.147681951522827
163.41716694831848,1.0,259.4000000000002,1.0,628.186279296875,4.0,30.0,0.0
163.41716694831848,1.0,259.4000000000002,1.0,631.512939453125,8.0,30.0,0.0
163.41716694831848,1.0,259.4000000000002,1.0,658.9468994140625,4.0,30.0,0.0
163.41716694831848,1.0,259.4000000000002,1.0,687.6591186523438,4.0,30.0,0.0
163.41716694831848,1.0,259.4000000000002,1.0,707.2811889648438,0.0,20.0,0.0
163.41716694831848,1.0,259.4000000000002,1.0,734.137939453125,0.0,20.0,0.0
163.41716694831848,1.0,259.4000000000002,1.0,745.8322143554688,8.0,30.0,0.0
163.41716694831848,1.0,259.4000000000002,1.0,798.0761108398438,0.0,20.0,0.0
163.41716694831848,1.0,259.4000000000002,1.0,800.2623291015625,4.0,30.0,0.0
163.62327575683594,1.0,269.2000000000002,1.0,629.955078125,0.14062389731407166,69.9974365234375,0.5987486839294434
163.62327575683594,1.0,269.2000000000002,1.0,634.186279296875,4.0,30.0,0.0
163.62327575683594,1.0,269.2000000000002,1.0,637.512939453125,8.0,30.0,0.0
163.62327575683594,1.0,269.2000000000002,1.0,664.9468994140625,4.0,30.0,0.0
163.62327575683594,1.0,269.2000000000002,1.0,693.6591186523438,4.0,30.0,0.0
163.62327575683594,1.0,269.2000000000002,1.0,711.2811889648438,0.0,20.0,0.0
163.62327575683594,1.0,269.2000000000002,1.0,738.137939453125,0.0,20.0,0.0
163.62327575683594,1.0,269.2000000000002,1.0,751.8322143554688,8.0,30.0,0.0
163.62327575683594,1.0,269.2000000000002,1.0,802.0761108398438,0.0,20.0,0.0
163.62327575683594,1.0,269.2000000000002,1.0,806.2623291015625,4.0,30.0,0.0
163.822762966156,1.0,279.0000000000002,1.0,643.9549560546875,0.14541728794574738,69.99894714355469,-0.38388919830322266
163.822762966156,1.0,279.0000000000002,1.0,643.512939453125,8.0,30.0,0.0
163.822762966156,1.0,279.0000000000002,1.0,640.186279296875,4.0,30.0,0.0
163.822762966156,1.0,279.0000000000002,1.0,670.9468994140625,4.0,30.0,0.0
163.822762966156,1.0,279.0000000000002,1.0,699.6591186523438,4.0,30.0,0.0
163.822762966156,1.0,279.0000000000002,1.0,715.2811889648438,0.0,20.0,0.0
163.822762966156,1.0,279.0000000000002,1.0,742.137939453125,0.0,20.0,0.0
163.822762966156,1.0,279.0000000000002,1.0,757.8322143554688,8.0,30.0,0.0
163.822762966156,1.0,279.0000000000002,1.0,806.0761108398438,0.0,20.0,0.0
163.822762966156,1.0,279.0000000000002,1.0,812.2623291015625,4.0,30.0,0.0
164.01765275001526,1.0,288.80000000000024,1.0,657.9546508789062,0.047952476888895035,69.9983139038086,-0.4859984815120697
164.01765275001526,1.0,288.80000000000024,1.0,649.512939453125,8.0,30.0,0.0
164.01765275001526,1.0,288.80000000000024,1.0,676.2802124023438,4.0,25.0,0.0
164.01765275001526,1.0,288.80000000000024,1.0,704.992431640625,4.0,25.0,0.0
164.01765275001526,1.0,288.80000000000024,1.0,719.9478759765625,0.0,25.0,0.0
164.01765275001526,1.0,288.80000000000024,1.0,746.8046264648438,0.0,25.0,0.0
164.01765275001526,1.0,288.80000000000024,1.0,763.8322143554688,8.0,30.0,0.0
164.01765275001526,1.0,288.80000000000024,1.0,810.7427368164062,0.0,25.0,0.0
164.01765275001526,1.0,288.80000000000024,1.0,817.5956420898438,4.0,25.0,0.0
164.01765275001526,1.0,288.80000000000024,1.0,838.2167358398438,0.0,25.0,0.0
164.22235441207886,1.0,298.60000000000025,1.0,671.9544677734375,-0.020887233316898346,69.9997329711914,-0.19216547906398773
164.22235441207886,1.0,298.60000000000025,1.0,681.2802124023438,4.0,25.0,0.0
164.22235441207886,1.0,298.60000000000025,1.0,709.992431640625,4.0,25.0,0.0
164.22235441207886,1.0,298.60000000000025,1.0,724.9478759765625,0.0,25.0,0.0
164.22235441207886,1.0,298.60000000000025,1.0,751.8046264648438,0.0,25.0,0.0
164.22235441207886,1.0,298.60000000000025,1.0,769.8322143554688,8.0,30.0,0.0
164.22235441207886,1.0,298.60000000000025,1.0,815.7427368164062,0.0,25.0,0.0
164.22235441207886,1.0,298.60000000000025,1.0,822.5956420898438,4.0,25.0,0.0
164.22235441207886,1.0,298.60000000000025,1.0,843.2167358398438,0.0,25.0,0.0
164.22235441207886,1.0,298.60000000000025,1.0,943.9779052734375,8.0,30.0,0.0
164.4198853969574,2.0,308.40000000000026,1.0,685.9544067382812,-0.032140664756298065,69.99998474121094,0.04785477742552757
164.4198853969574,2.0,308.40000000000026,1.0,686.2802124023438,4.0,25.0,0.0
164.4198853969574,2.0,308.40000000000026,1.0,714.992431640625,4.0,25.0,0.0
164.4198853969574,2.0,308.40000000000026,1.0,729.9478759765625,0.0,25.0,0.0
164.4198853969574,2.0,308.40000000000026,1.0,756.8046264648438,0.0,25.0,0.0
164.4198853969574,2.0,308.40000000000026,1.0,775.8322143554688,8.0,30.0,0.0
164.4198853969574,2.0,308.40000000000026,1.0,820.7427368164062,0.0,25.0,0.0
164.4198853969574,2.0,308.40000000000026,1.0,827.5956420898438,4.0,25.0,0.0
164.4198853969574,2.0,308.40000000000026,1.0,848.2167358398438,0.0,25.0,0.0
164.4198853969574,2.0,308.40000000000026,1.0,949.9779052734375,8.0,30.0,0.0
164.62000942230225,1.0,318.2000000000003,1.0,699.8416137695312,1.6066583395004272,68.85665893554688,12.600037574768066
164.62000942230225,1.0,318.2000000000003,1.0,690.613525390625,4.0,20.0,0.0
164.62000942230225,1.0,318.2000000000003,1.0,719.3257446289062,4.0,20.0,0.0
164.62000942230225,1.0,318.2000000000003,1.0,734.9478759765625,0.0,25.0,0.0
164.62000942230225,1.0,318.2000000000003,1.0,761.8046264648438,0.0,25.0,0.0
164.62000942230225,1.0,318.2000000000003,1.0,782.4988403320312,8.0,35.0,0.0
164.62000942230225,1.0,318.2000000000003,1.0,825.7427368164062,0.0,25.0,0.0
164.62000942230225,1.0,318.2000000000003,1.0,831.928955078125,4.0,20.0,0.0
164.62000942230225,1.0,318.2000000000003,1.0,853.2167358398438,0.0,25.0,0.0
164.62000942230225,1.0,318.2000000000003,1.0,956.6445922851562,8.0,35.0,0.0
164.81434154510498,1.0,328.0000000000003,1.0,713.6581420898438,3.85304856300354,69.47382354736328,8.566676139831543
164.81434154510498,1.0,328.0000000000003,1.0,723.3257446289062,4.0,20.0,0.0
164.81434154510498,1.0,328.0000000000003,1.0,740.6145629882812,0.0,30.0,0.0
164.81434154510498,1.0,328.0000000000003,1.0,767.4713134765625,0.0,30.0,0.0
164.81434154510498,1.0,328.0000000000003,1.0,789.4988403320312,8.0,35.0,0.0
164.81434154510498,1.0,328.0000000000003,1.0,831.409423828125,0.0,30.0,0.0
164.81434154510498,1.0,328.0000000000003,1.0,835.928955078125,4.0,20.0,0.0
164.81434154510498,1.0,328.0000000000003,1.0,858.8833618164062,0.0,30.0,0.0
164.81434154510498,1.0,328.0000000000003,1.0,963.6445922851562,8.0,35.0,0.0
164.81434154510498,1.0,328.0000000000003,1.0,977.038818359375,0.0,30.0,0.0
165.02083110809326,2.0,328.0000000000003,1.0,727.24169921875,5.617029190063477,60.90476989746094,2.982989549636841
165.02083110809326,2.0,328.0000000000003,1.0,727.3912353515625,3.2341091632843018,18.66666603088379,0.0
165.02083110809326,2.0,328.0000000000003,1.0,746.6145629882812,0.0,30.0,0.0
165.02083110809326,2.0,328.0000000000003,1.0,773.4713134765625,0.0,30.0,0.0
165.02083110809326,2.0,328.0000000000003,1.0,796.4988403320312,8.0,35.0,0.0
165.02083110809326,2.0,328.0000000000003,1.0,837.409423828125,0.0,30.0,0.0
165.02083110809326,2.0,328.0000000000003,1.0,839.928955078125,4.0,20.0,0.0
165.02083110809326,2.0,328.0000000000003,1.0,864.8833618164062,0.0,30.0,0.0
165.02083110809326,2.0,328.0000000000003,1.0,970.6445922851562,8.0,35.0,0.0
165.02083110809326,2.0,328.0000000000003,1.0,983.038818359375,0.0,30.0,0.0
165.2188220024109,1.0,128.00000000000028,1.0,738.6286010742188,6.174737930297852,49.5178337097168,2.425281047821045
165.2188220024109,1.0,128.00000000000028,1.0,730.8812255859375,3.2341091632843018,15.176691055297852,0.0
165.2188220024109,1.0,128.00000000000028,1.0,753.2811889648438,0.0,35.0,0.0
165.2188220024109,1.0,128.00000000000028,1.0,780.137939453125,0.0,35.0,0.0
165.2188220024109,1.0,128.00000000000028,1.0,803.4988403320312,8.0,35.0,0.0
165.2188220024109,1.0,128.00000000000028,1.0,843.928955078125,4.0,20.0,0.0
165.2188220024109,1.0,128.00000000000028,1.0,844.0761108398438,0.0,35.0,0.0
165.2188220024109,1.0,128.00000000000028,1.0,871.550048828125,0.0,35.0,0.0
165.2188220024109,1.0,128.00000000000028,1.0,977.6445922851562,8.0,35.0,0.0
165.2188220024109,1.0,128.00000000000028,1.0,989.7055053710938,0.0,35.0,0.0
165.418847322464,1.0,128.00000000000028,1.0,747.8865966796875,6.628175735473633,40.25983428955078,1.9718433618545532
165.418847322464,1.0,128.00000000000028,1.0,760.2811889648438,0.0,35.0,0.0
165.418847322464,1.0,128.00000000000028,1.0,787.137939453125,0.0,35.0,0.0
165.418847322464,1.0,128.00000000000028,1.0,809.8322143554688,8.0,30.0,0.0
165.418847322464,1.0,128.00000000000028,1.0,847.928955078125,4.0,20.0,0.0
165.418847322464,1.0,128.00000000000028,1.0,851.0761108398438,0.0,35.0,0.0
165.418847322464,1.0,128.00000000000028,1.0,878.550048828125,0.0,35.0,0.0
165.418847322464,1.0,128.00000000000028,1.0,983.9779052734375,8.0,30.0,0.0
165.418847322464,1.0,128.00000000000028,1.0,996.7055053710938,0.0,35.0,0.0
165.418847322464,1.0,128.00000000000028,1.0,1010.8093872070312,8.0,30.0,0.0
165.61749958992004,1.0,128.00000000000028,1.0,755.4136962890625,6.996837139129639,32.73273468017578,1.6031816005706787
165.61749958992004,1.0,128.00000000000028,1.0,767.2811889648438,0.0,35.0,0.0
165.61749958992004,1.0,128.00000000000028,1.0,794.137939453125,0.0,35.0,0.0
165.61749958992004,1.0,128.00000000000028,1.0,815.8322143554688,8.0,30.0,0.0
165.61749958992004,1.0,128.00000000000028,1.0,852.5956420898438,4.0,25.0,0.0
165.61749958992004,1.0,128.00000000000028,1.0,858.0761108398438,0.0,35.0,0.0
165.61749958992004,1.0,128.00000000000028,1.0,885.550048828125,0.0,35.0,0.0
165.61749958992004,1.0,128.00000000000028,1.0,989.9779052734375,8.0,30.0,0.0
165.61749958992004,1.0,128.00000000000028,1.0,1003.7055053710938,0.0,35.0,0.0
165.61749958992004,1.0,128.00000000000028,1.0,1016.8093872070312,8.0,30.0,0.0
165.81355261802673,1.0,128.00000000000028,1.0,761.5335083007812,7.296572685241699,26.612926483154297,1.3034460544586182
165.81355261802673,1.0,128.00000000000028,1.0,773.6145629882812,0.0,30.0,0.0
165.81355261802673,1.0,128.00000000000028,1.0,800.4713134765625,0.0,30.0,0.0
165.81355261802673,1.0,128.00000000000028,1.0,821.8322143554688,8.0,30.0,0.0
165.81355261802673,1.0,128.00000000000028,1.0,857.5956420898438,4.0,25.0,0.0
165.81355261802673,1.0,128.00000000000028,1.0,864.409423828125,0.0,30.0,0.0
165.81355261802673,1.0,128.00000000000028,1.0,891.8833618164062,0.0,30.0,0.0
165.81355261802673,1.0,128.00000000000028,1.0,995.9779052734375,8.0,30.0,0.0
165.81355261802673,1.0,128.00000000000028,1.0,1010.038818359375,0.0,30.0,0.0
165.81355261802673,1.0,128.00000000000028,1.0,1022.8093872070312,8.0,30.0,0.0
166.01364731788635,1.0,128.00000000000028,1.0,766.5091552734375,7.540268898010254,21.63729476928711,1.059749960899353
166.01364731788635,1.0,128.00000000000028,1.0,779.6145629882812,0.0,30.0,0.0
166.01364731788635,1.0,128.00000000000028,1.0,806.4713134765625,0.0,30.0,0.0
166.01364731788635,1.0,128.00000000000028,1.0,827.8322143554688,8.0,30.0,0.0
166.01364731788635,1.0,128.00000000000028,1.0,862.5956420898438,4.0,25.0,0.0
166.01364731788635,1.0,128.00000000000028,1.0,870.409423828125,0.0,30.0,0.0
166.01364731788635,1.0,128.00000000000028,1.0,897.8833618164062,0.0,30.0,0.0
166.01364731788635,1.0,128.00000000000028,1.0,1001.9779052734375,8.0,30.0,0.0
166.01364731788635,1.0,128.00000000000028,1.0,1016.038818359375,0.0,30.0,0.0
166.01364731788635,1.0,128.00000000000028,1.0,1028.809326171875,8.0,30.0,0.0
166.20588564872742,1.0,128.00000000000028,1.0,770.5545654296875,7.738402843475342,17.591922760009766,0.8616159558296204
166.20588564872742,1.0,128.00000000000028,1.0,784.9478759765625,0.0,25.0,0.0
166.20588564872742,1.0,128.00000000000028,1.0,811.8046264648438,0.0,25.0,0.0
166.20588564872742,1.0,128.00000000000028,1.0,833.8322143554688,8.0,30.0,0.0
166.20588564872742,1.0,128.00000000000028,1.0,867.5956420898438,4.0,25.0,0.0
166.20588564872742,1.0,128.00000000000028,1.0,875.7427368164062,0.0,25.0,0.0
166.20588564872742,1.0,128.00000000000028,1.0,903.2167358398438,0.0,25.0,0.0
166.20588564872742,1.0,128.00000000000028,1.0,1007.9779052734375,8.0,30.0,0.0
166.20588564872742,1.0,128.00000000000028,1.0,1021.3721923828125,0.0,25.0,0.0
166.20588564872742,1.0,128.00000000000028,1.0,1034.809326171875,8.0,30.0,0.0
166.41373896598816,1.0,128.00000000000028,1.0,773.8435668945312,7.899493217468262,14.302884101867676,0.7005256414413452
166.41373896598816,1.0,128.00000000000028,1.0,790.6145629882812,0.0,30.0,0.0
166.41373896598816,1.0,128.00000000000028,1.0,817.4713134765625,0.0,30.0,0.0
166.41373896598816,1.0,128.00000000000028,1.0,839.8322143554688,8.0,30.0,0.0
166.41373896598816,1.0,128.00000000000028,1.0,872.5956420898438,4.0,25.0,0.0
166.41373896598816,1.0,128.00000000000028,1.0,881.409423828125,0.0,30.0,0.0
166.41373896598816,1.0,128.00000000000028,1.0,908.8833618164062,0.0,30.0,0.0
166.41373896598816,1.0,128.00000000000028,1.0,1013.9779052734375,8.0,30.0,0.0
166.41373896598816,1.0,128.00000000000028,1.0,1027.038818359375,0.0,30.0,0.0
166.41373896598816,1.0,128.00000000000028,1.0,1040.809326171875,8.0,30.0,0.0
166.61554980278015,1.0,128.00000000000028,1.0,776.5177001953125,8.030466079711914,11.628774642944336,0.5695533156394958
166.61554980278015,1.0,128.00000000000028,1.0,796.6145629882812,0.0,30.0,0.0
166.61554980278015,1.0,128.00000000000028,1.0,823.4713134765625,0.0,30.0,0.0
166.61554980278015,1.0,128.00000000000028,1.0,845.8322143554688,8.0,30.0,0.0
166.61554980278015,1.0,128.00000000000028,1.0,877.5956420898438,4.0,25.0,0.0
166.61554980278015,1.0,128.00000000000028,1.0,887.409423828125,0.0,30.0,0.0
166.61554980278015,1.0,128.00000000000028,1.0,914.8833618164062,0.0,30.0,0.0
166.61554980278015,1.0,128.00000000000028,1.0,1019.9779052734375,8.0,30.0,0.0
166.61554980278015,1.0,128.00000000000028,1.0,1033.038818359375,0.0,30.0,0.0
166.61554980278015,1.0,128.00000000000028,1.0,1046.809326171875,8.0,30.0,0.0
166.8066210746765,1.0,128.00000000000028,1.0,778.6918334960938,8.136951446533203,9.45462417602539,0.4630679488182068
166.8066210746765,1.0,128.00000000000028,1.0,802.6145629882812,0.0,30.0,0.0
166.8066210746765,1.0,128.00000000000028,1.0,829.4713134765625,0.0,30.0,0.0
166.8066210746765,1.0,128.00000000000028,1.0,851.8322143554688,8.0,30.0,0.0
166.8066210746765,1.0,128.00000000000028,1.0,881.928955078125,4.0,20.0,0.0
166.8066210746765,1.0,128.00000000000028,1.0,893.409423828125,0.0,30.0,0.0
166.8066210746765,1.0,128.00000000000028,1.0,920.8833618164062,0.0,30.0,0.0
166.8066210746765,1.0,128.00000000000028,1.0,1025.9779052734375,8.0,30.0,0.0
166.8066210746765,1.0,128.00000000000028,1.0,1039.038818359375,0.0,30.0,0.0
166.8066210746765,1.0,128.00000000000028,1.0,1052.809326171875,8.0,30.0,0.0
167.01014637947083,1.0,128.00000000000028,1.0,780.45947265625,8.223527908325195,7.686959743499756,0.37649139761924744
167.01014637947083,1.0,128.00000000000028,1.0,808.6145629882812,0.0,30.0,0.0
167.01014637947083,1.0,128.00000000000028,1.0,835.4713134765625,0.0,30.0,0.0
167.01014637947083,1.0,128.00000000000028,1.0,857.8322143554688,8.0,30.0,0.0
167.01014637947083,1.0,128.00000000000028,1.0,885.928955078125,4.0,20.0,0.0
167.01014637947083,1.0,128.00000000000028,1.0,899.409423828125,0.0,30.0,0.0
167.01014637947083,1.0,128.00000000000028,1.0,926.8833618164062,0.0,30.0,0.0
167.01014637947083,1.0,128.00000000000028,1.0,1031.9779052734375,8.0,30.0,0.0
167.01014637947083,1.0,128.00000000000028,1.0,1045.038818359375,0.0,30.0,0.0
167.01014637947083,1.0,128.00000000000028,1.0,1058.809326171875,8.0,30.0,0.0
167.2120804786682,1.0,128.00000000000028,1.0,781.8966674804688,8.293917655944824,6.249783039093018,0.3061014413833618
167.2120804786682,1.0,128.00000000000028,1.0,814.6145629882812,0.0,30.0,0.0
167.2120804786682,1.0,128.00000000000028,1.0,841.4713134765625,0.0,30.0,0.0
167.2120804786682,1.0,128.00000000000028,1.0,863.8322143554688,8.0,30.0,0.0
167.2120804786682,1.0,128.00000000000028,1.0,889.928955078125,4.0,20.0,0.0
167.2120804786682,1.0,128.00000000000028,1.0,905.409423828125,0.0,30.0,0.0
167.2120804786682,1.0,128.00000000000028,1.0,932.8833618164062,0.0,30.0,0.0
167.2120804786682,1.0,128.00000000000028,1.0,1037.9779052734375,8.0,30.0,0.0
167.2120804786682,1.0,128.00000000000028,1.0,1051.038818359375,0.0,30.0,0.0
167.2120804786682,1.0,128.00000000000028,1.0,1064.809326171875,8.0,30.0,0.0
167.40632152557373,1.0,128.00000000000028,1.0,783.065185546875,8.351146697998047,5.081305027008057,0.2488718032836914
167.40632152557373,1.0,128.00000000000028,1.0,821.2811889648438,0.0,35.0,0.0
167.40632152557373,1.0,128.00000000000028,1.0,848.137939453125,0.0,35.0,0.0
167.40632152557373,1.0,128.00000000000028,1.0,869.8322143554688,8.0,30.0,0.0
167.40632152557373,1.0,128.00000000000028,1.0,893.928955078125,4.0,20.0,0.0
167.40632152557373,1.0,128.00000000000028,1.0,912.0761108398438,0.0,35.0,0.0
167.40632152557373,1.0,128.00000000000028,1.0,939.550048828125,0.0,35.0,0.0
167.40632152557373,1.0,128.00000000000028,1.0,1043.9779052734375,8.0,30.0,0.0
167.40632152557373,1.0,128.00000000000028,1.0,1057.70556640625,0.0,35.0,0.0
167.40632152557373,1.0,128.00000000000028,1.0,1070.809326171875,8.0,30.0,0.0
167.61173176765442,1.0,128.00000000000028,1.0,784.0151977539062,8.397677421569824,4.131289482116699,0.20234200358390808
167.61173176765442,1.0,128.00000000000028,1.0,828.2811889648438,0.0,35.0,0.0
167.61173176765442,1.0,128.00000000000028,1.0,855.137939453125,0.0,35.0,0.0
167.61173176765442,1.0,128.00000000000028,1.0,875.8322143554688,8.0,30.0,0.0
167.61173176765442,1.0,128.00000000000028,1.0,897.928955078125,4.0,20.0,0.0
167.61173176765442,1.0,128.00000000000028,1.0,919.0761108398438,0.0,35.0,0.0
167.61173176765442,1.0,128.00000000000028,1.0,946.550048828125,0.0,35.0,0.0
167.61173176765442,1.0,128.00000000000028,1.0,1049.9779052734375,8.0,30.0,0.0
167.61173176765442,1.0,128.00000000000028,1.0,1064.70556640625,0.0,35.0,0.0
167.61173176765442,1.0,128.00000000000028,1.0,1076.809326171875,8.0,30.0,0.0
167.80683660507202,1.0,128.00000000000028,1.0,784.78759765625,8.435507774353027,3.358891248703003,0.1645115315914154
167.80683660507202,1.0,128.00000000000028,1.0,835.2811889648438,0.0,35.0,0.0
167.80683660507202,1.0,128.00000000000028,1.0,862.137939453125,0.0,35.0,0.0
167.80683660507202,1.0,128.00000000000028,1.0,881.8322143554688,8.0,30.0,0.0
167.80683660507202,1.0,128.00000000000028,1.0,901.928955078125,4.0,20.0,0.0
167.80683660507202,1.0,128.00000000000028,1.0,926.0761108398438,0.0,35.0,0.0
167.80683660507202,1.0,128.00000000000028,1.0,953.550048828125,0.0,35.0,0.0
167.80683660507202,1.0,128.00000000000028,1.0,1055.9779052734375,8.0,30.0,0.0
167.80683660507202,1.0,128.00000000000028,1.0,1071.70556640625,0.0,35.0,0.0
167.80683660507202,1.0,128.00000000000028,1.0,1082.809326171875,8.0,30.0,0.0
168.0039143562317,1.0,128.00000000000028,1.0,785.41552734375,8.466264724731445,2.730902910232544,0.1337539702653885
168.0039143562317,1.0,128.00000000000028,1.0,842.9478759765625,0.0,40.0,0.0
168.0039143562317,1.0,128.00000000000028,1.0,869.8046264648438,0.0,40.0,0.0
168.0039143562317,1.0,128.00000000000028,1.0,887.8322143554688,8.0,30.0,0.0
168.0039143562317,1.0,128.00000000000028,1.0,905.928955078125,4.0,20.0,0.0
168.0039143562317,1.0,128.00000000000028,1.0,933.7427368164062,0.0,40.0,0.0
168.0039143562317,1.0,128.00000000000028,1.0,961.2167358398438,0.0,40.0,0.0
168.0039143562317,1.0,128.00000000000028,1.0,1061.9779052734375,8.0,30.0,0.0
168.0039143562317,1.0,128.00000000000028,1.0,1079.3721923828125,0.0,40.0,0.0
168.0039143562317,1.0,128.00000000000028,1.0,1088.809326171875,8.0,30.0,0.0
